23-09-2025 14:10:50;Corte Suprema;Suprema;0;resultados
23-09-2025 14:11:06;Corte Apelaciones;C.A. de Arica;0;resultados
23-09-2025 14:11:15;Corte Apelaciones;C.A. de Iquique;0;resultados
23-09-2025 14:11:23;Corte Apelaciones;C.A. de Antofagasta;0;resultados
23-09-2025 14:11:31;Corte Apelaciones;C.A. de Copiapó;0;resultados
23-09-2025 14:11:40;Corte Apelaciones;C.A. de La Serena;0;resultados
23-09-2025 14:11:50;Corte Apelaciones;C.A. de Valparaíso;0;resultados
23-09-2025 14:11:59;Corte Apelaciones;C.A. de Rancagua;0;resultados
23-09-2025 14:12:07;Corte Apelaciones;C.A. de Talca;0;resultados
23-09-2025 14:12:14;Corte Apelaciones;C.A. de Chillan;0;resultados
23-09-2025 14:12:25;Corte Apelaciones;C.A. de Concepción;0;resultados
23-09-2025 14:12:36;Corte Apelaciones;C.A. de Temuco;0;resultados
23-09-2025 14:12:45;Corte Apelaciones;C.A. de Valdivia;0;resultados
23-09-2025 14:12:52;Corte Apelaciones;C.A. de Puerto Montt;0;resultados
23-09-2025 14:13:01;Corte Apelaciones;C.A. de Coyhaique;0;resultados
23-09-2025 14:13:10;Corte Apelaciones;C.A. de Punta Arenas;0;resultados
23-09-2025 14:13:20;Corte Apelaciones;C.A. de Santiago;0;resultados
23-09-2025 14:13:28;Corte Apelaciones;C.A. de San Miguel;0;resultados
23-09-2025 14:13:41;Civil;1º Juzgado de Letras de Arica;0;resultados
23-09-2025 14:13:51;Civil;1º Juzgado De Letras de Arica ex 4°;0;resultados
23-09-2025 14:14:02;Civil;2º Juzgado de Letras de Arica;0;resultados
23-09-2025 14:14:12;Civil;2º Juzgado De Letras de Arica ex 4°;0;resultados
23-09-2025 14:14:20;Civil;3º Juzgado de Letras de Arica;0;resultados
23-09-2025 14:14:27;Civil;3º Juzgado de Letras de Arica Ex 4º;0;resultados
23-09-2025 14:14:39;Civil;Juzgado de Letras y Gar. Pozo Almonte;0;resultados
23-09-2025 14:14:49;Civil;1º Juzgado de Letras de Iquique;0;resultados
23-09-2025 14:14:57;Civil;2º Juzgado de Letras de Iquique;0;resultados
23-09-2025 14:15:07;Civil;3º Juzgado de Letras de Iquique;0;resultados
23-09-2025 14:15:19;Civil;Juzgado de Letras Tocopilla;0;resultados
23-09-2025 14:15:27;Civil;Juzgado de Letras y Gar.de María Elena;0;resultados
23-09-2025 14:15:38;Civil;1º Juzgado de Letras de Calama;0;resultados
23-09-2025 14:15:49;Civil;2º Juzgado de Letras de Calama;0;resultados
23-09-2025 14:15:58;Civil;3º Juzgado de Letras de Calama;0;resultados
23-09-2025 14:16:09;Civil;Juzgado de Letras y Gar. de Taltal;0;resultados
23-09-2025 14:16:19;Civil;1º Juzgado de Letras Civil de Antofagasta;0;resultados
23-09-2025 14:16:29;Civil;2º Juzgado de Letras Civil de Antofagasta;0;resultados
23-09-2025 14:16:36;Civil;3º Juzgado de Letras Civil de Antofagasta;0;resultados
23-09-2025 14:16:46;Civil;4 ° Juzgado de Letras Civil de Antofagasta;0;resultados
23-09-2025 14:16:54;Civil;Juzgado de Letras y Garantía Mejillones;0;resultados
23-09-2025 14:17:01;Civil;Juzgado de Letras y Gar. de Chañaral;0;resultados
23-09-2025 14:17:08;Civil;Juzgado de Letras de Diego de Almagro;0;resultados
23-09-2025 14:17:15;Civil;1º Juzgado de Letras de Copiapó;0;resultados
23-09-2025 14:17:25;Civil;2º Juzgado de Letras de Copiapó;0;resultados
23-09-2025 14:17:34;Civil;3º Juzgado de Letras de Copiapó;0;resultados
23-09-2025 14:17:43;Civil;Juzgado de Letras y Gar.de Freirina;0;resultados
23-09-2025 14:17:50;Civil;4º Juzgado de Letras de Copiapó;0;resultados
23-09-2025 14:18:01;Civil;1º Juzgado de Letras de Vallenar;0;resultados
23-09-2025 14:18:09;Civil;2º Juzgado de Letras de Vallenar;0;resultados
23-09-2025 14:18:20;Civil;Juzgado de Letras y Gar.de Caldera;0;resultados
23-09-2025 14:18:31;Civil;1º Juzgado de Letras de la Serena;0;resultados
23-09-2025 14:18:40;Civil;2º Juzgado de Letras de la Serena;0;resultados
23-09-2025 14:18:47;Civil;3º Juzgado de Letras de la Serena;0;resultados
23-09-2025 14:18:57;Civil;1º Juzgado de Letras de Coquimbo;0;resultados
23-09-2025 14:19:09;Civil;2º Juzgado de Letras de Coquimbo;0;resultados
23-09-2025 14:19:19;Civil;3º Juzgado de Letras de Coquimbo;0;resultados
23-09-2025 14:19:26;Civil;Juzgado de Letras de Vicuña;0;resultados
23-09-2025 14:19:35;Civil;Juzgado de letras y garantía de Andacollo;0;resultados
23-09-2025 14:19:43;Civil;1º Juzgado de Letras de Ovalle;0;resultados
23-09-2025 14:19:52;Civil;2º Juzgado de Letras de Ovalle;0;resultados
23-09-2025 14:20:04;Civil;3º Juzgado de Letras de Ovalle;0;resultados
23-09-2025 14:20:13;Civil;Juzgado de Letras y Gar.de Combarbalá;0;resultados
23-09-2025 14:20:22;Civil;Juzgado de Letras de Illapel;0;resultados
23-09-2025 14:20:29;Civil;Juzgado de Letras y Gar. de los Vilos;0;resultados
23-09-2025 14:20:40;Civil;1º Juzgado Civil de Valparaíso;0;resultados
23-09-2025 14:20:47;Civil;2º Juzgado Civil de Valparaíso;0;resultados
23-09-2025 14:20:58;Civil;3º Juzgado Civil de Valparaíso;0;resultados
23-09-2025 14:21:08;Civil;4º Juzgado Civil de Valparaíso;0;resultados
23-09-2025 14:21:18;Civil;5º Juzgado Civil de Valparaíso;0;resultados
23-09-2025 14:21:25;Civil;1º Juzgado Civil de Viña del Mar;0;resultados
23-09-2025 14:21:35;Civil;2º Juzgado Civil de Viña del Mar;0;resultados
23-09-2025 14:21:45;Civil;3º Juzgado Civil de Viña del Mar;0;resultados
23-09-2025 14:21:55;Civil;1º Juzgado de Letras de Quilpue;0;resultados
23-09-2025 14:22:03;Civil;2º Juzgado de Letras de Quilpue;0;resultados
23-09-2025 14:22:11;Civil;Juzgado de Letras de Villa Alemana;0;resultados
23-09-2025 14:22:21;Civil;Juzgado de Letras de Casablanca;0;resultados
23-09-2025 14:22:29;Civil;Juzgado de Letras de La Ligua;0;resultados
23-09-2025 14:22:36;Civil;Juzgado de Letras y Gar. de Petorca;0;resultados
23-09-2025 14:22:46;Civil;1º Juzgado de Letras de Los Andes;0;resultados
23-09-2025 14:22:56;Civil;2º Juzgado de Letras de Los Andes;0;resultados
23-09-2025 14:23:08;Civil;1º Juzgado de Letras de San Felipe;0;resultados
23-09-2025 14:23:17;Civil;1º Juzgado de Letras de San Felipe Ex 2º;0;resultados
23-09-2025 14:23:26;Civil;Juzgado de Letras y Gar.de Putaendo;0;resultados
23-09-2025 14:23:34;Civil;1º Juzgado de Letras de Quillota;0;resultados
23-09-2025 14:23:42;Civil;2º Juzgado de Letras de Quillota;0;resultados
23-09-2025 14:23:51;Civil;Juzgado de Letras de La Calera;0;resultados
23-09-2025 14:24:02;Civil;Juzgado de Letras de Limache;0;resultados
23-09-2025 14:24:11;Civil;1º Juzgado de Letras de San Antonio;0;resultados
23-09-2025 14:24:18;Civil;2º Juzgado de Letras de San Antonio;0;resultados
23-09-2025 14:24:27;Civil;Juzgado de Letras y Gar. de Isla de Pascua;0;resultados
23-09-2025 14:24:38;Civil;Juzgado de Letras y Gar.de Quintero;0;resultados
23-09-2025 14:24:48;Civil;1º Juzgado Civil de Rancagua;0;resultados
23-09-2025 14:24:56;Civil;2º Juzgado Civil de Rancagua;0;resultados
23-09-2025 14:25:04;Civil;1º Juzgado de Letras de Rengo;0;resultados
23-09-2025 14:25:13;Civil;Juzgado de Letras de San Vicente de Tagua Tagua;0;resultados
23-09-2025 14:25:24;Civil;1º Juzgado de Letras y Gar.de Peumo;0;resultados
23-09-2025 14:25:35;Civil;1º Juzgado de Letras de San Fernando;0;resultados
23-09-2025 14:25:42;Civil;2º Juzgado de Letras de San Fernando;0;resultados
23-09-2025 14:25:50;Civil;1º Juzgado de Letras de Santa Cruz;0;resultados
23-09-2025 14:25:57;Civil;1º Juzgado De Letras De Santa Cruz Ex 2°;0;resultados
23-09-2025 14:26:08;Civil;Juzgado de Letras y Gar.de Pichilemu;0;resultados
23-09-2025 14:26:19;Civil;Juzgado de Letras y Gar.de Litueche;0;resultados
23-09-2025 14:26:28;Civil;Juzgado de Letras y Gar.de Peralillo;0;resultados
23-09-2025 14:26:37;Civil;1º Juzgado de Letras de Talca;0;resultados
23-09-2025 14:26:48;Civil;2º Juzgado de Letras de Talca;0;resultados
23-09-2025 14:26:55;Civil;3º Juzgado de Letras de Talca;0;resultados
23-09-2025 14:27:05;Civil;4º Juzgado de Letras de Talca;0;resultados
23-09-2025 14:27:16;Civil;Juzgado de Letras de Constitución;0;resultados
23-09-2025 14:27:26;Civil;Juzgado De Letras Y Gar. de Curepto;0;resultados
23-09-2025 14:27:36;Civil;1º Juzgado de Letras de Curicó;0;resultados
23-09-2025 14:27:47;Civil;2º Juzgado de Letras de Curicó;0;resultados
23-09-2025 14:27:58;Civil;2º Juzgado de Letras de Curicó Ex 3°;0;resultados
23-09-2025 14:28:05;Civil;Juzgado De Letras Y Gar. de Licantén;0;resultados
23-09-2025 14:28:16;Civil;Juzgado de Letras de Molina;0;resultados
23-09-2025 14:28:24;Civil;1º Juzgado de Letras de Linares;0;resultados
23-09-2025 14:28:36;Civil;2º Juzgado de Letras de Linares;0;resultados
23-09-2025 14:28:43;Civil;Juzgado de Letras de San Javier;0;resultados
23-09-2025 14:28:54;Civil;Juzgado de Letras de Cauquenes;0;resultados
23-09-2025 14:29:03;Civil;Juzgado de Letras y Gar. de Chanco;0;resultados
23-09-2025 14:29:14;Civil;Juzgado de Letras de Parral;0;resultados
23-09-2025 14:29:25;Civil;1º Juzgado Civil de Chillán;0;resultados
23-09-2025 14:29:34;Civil;2º Juzgado Civil de Chillán;0;resultados
23-09-2025 14:29:46;Civil;1º Juzgado de Letras de San Carlos;0;resultados
23-09-2025 14:29:53;Civil;Juzgado de Letras de Yungay;0;resultados
23-09-2025 14:30:03;Civil;Juzgado de Letras y Gar. de Bulnes;0;resultados
23-09-2025 14:30:12;Civil;Juzgado de Letras y Gar.de Coelemu;0;resultados
23-09-2025 14:30:20;Civil;Juzgado de Letras y Gar.de Quirihue;0;resultados
23-09-2025 14:30:30;Civil;1º Juzgado de Letras de Los Angeles;0;resultados
23-09-2025 14:30:41;Civil;2º Juzgado de Letras de Los Angeles;0;resultados
23-09-2025 14:30:49;Civil;2° Juzgado de Letras de Los Angeles ex 3°;0;resultados
23-09-2025 14:30:58;Civil;Juzgado de Letras y Gar. de Mulchen;0;resultados
23-09-2025 14:31:08;Civil;Juzgado de Letras y Gar.de Nacimiento;0;resultados
23-09-2025 14:31:18;Civil;Juzgado de Letras y Gar.de Laja;0;resultados
23-09-2025 14:31:25;Civil;Juzgado de Letras y Gar.de Yumbel;0;resultados
23-09-2025 14:31:33;Civil;1º Juzgado Civil de Concepción;0;resultados
23-09-2025 14:31:41;Civil;2º Juzgado Civil de Concepción;0;resultados
23-09-2025 14:31:48;Civil;3º Juzgado Civil de Concepción;0;resultados
23-09-2025 14:31:57;Civil;1º Juzgado Civil de Talcahuano;0;resultados
23-09-2025 14:32:06;Civil;2º Juzgado Civil de Talcahuano;0;resultados
23-09-2025 14:32:13;Civil;Juzgado de Letras de Tomé;0;resultados
23-09-2025 14:32:20;Civil;Juzgado de Letras y Gar.de Florida;0;resultados
23-09-2025 14:32:31;Civil;Juzgado de Letras y Gar.de Santa Juana;0;resultados
23-09-2025 14:32:39;Civil;Juzgado de Letras y Gar. de Lota;0;resultados
23-09-2025 14:32:51;Civil;1º Juzgado de Letras de Coronel;0;resultados
23-09-2025 14:32:59;Civil;2º Juzgado de Letras de Coronel;0;resultados
23-09-2025 14:33:08;Civil;Juzgado de Letras y Gar.de Lebu;0;resultados
23-09-2025 14:33:18;Civil;Juzgado de Letras de Arauco;0;resultados
23-09-2025 14:33:29;Civil;Juzgado de Letras y Gar.de Curanilahue;0;resultados
23-09-2025 14:33:37;Civil;Juzgado de Letras de Cañete;0;resultados
23-09-2025 14:33:48;Civil;Juzgado de Letras y Gar. Santa Bárbara;0;resultados
23-09-2025 14:33:59;Civil;Juzgado de Letras y Gar.de Cabrero;0;resultados
23-09-2025 14:34:06;Civil;1º Juzgado Civil de Temuco;0;resultados
23-09-2025 14:34:18;Civil;2º Juzgado Civil de Temuco;0;resultados
23-09-2025 14:34:26;Civil;Juzgado de Letras de Angol;0;resultados
23-09-2025 14:34:36;Civil;Juzgado de Letras y Gar.de Collipulli;0;resultados
23-09-2025 14:34:44;Civil;Juzgado de Letras y Gar.de Traiguén;0;resultados
23-09-2025 14:34:51;Civil;Juzgado de Letras de Victoria;0;resultados
23-09-2025 14:34:58;Civil;Juzgado de Letras y Gar.de Curacautin;0;resultados
23-09-2025 14:35:07;Civil;Juzgado de Letras Loncoche;0;resultados
23-09-2025 14:35:19;Civil;Juzgado de Letras de Pitrufquen;0;resultados
23-09-2025 14:35:30;Civil;Juzgado de Letras de Villarrica;0;resultados
23-09-2025 14:35:39;Civil;Juzgado de Letras de Nueva Imperial;0;resultados
23-09-2025 14:35:48;Civil;Juzgado de Letras y Gar.de Pucón;0;resultados
23-09-2025 14:35:58;Civil;Juzgado de Letras de Lautaro;0;resultados
23-09-2025 14:36:09;Civil;Juzgado de Letras y Gar.de Carahue;0;resultados
23-09-2025 14:36:21;Civil;3º Juzgado Civil de Temuco;0;resultados
23-09-2025 14:36:30;Civil;Juzgado de Letras y Gar.de Tolten;0;resultados
23-09-2025 14:36:39;Civil;Juzgado de Letras y Gar.de Puren;0;resultados
23-09-2025 14:36:49;Civil;1º Juzgado Civil de Valdivia;0;resultados
23-09-2025 14:36:58;Civil;2º Juzgado Civil de Valdivia;0;resultados
23-09-2025 14:37:06;Civil;Juzgado de Letras de Mariquina;0;resultados
23-09-2025 14:37:18;Civil;Juzgado de Letras y Gar.de Paillaco;0;resultados
23-09-2025 14:37:28;Civil;Juzgado de Letras Los Lagos;0;resultados
23-09-2025 14:37:39;Civil;Juzgado de Letras y Gar. de Panguipulli;0;resultados
23-09-2025 14:37:48;Civil;Juzgado de Letras y Gar.de la Unión;0;resultados
23-09-2025 14:37:57;Civil;Juzgado de Letras y Gar.de Río Bueno;0;resultados
23-09-2025 14:38:05;Civil;1º Juzgado de Letras de Osorno;0;resultados
23-09-2025 14:38:14;Civil;2º Juzgado de Letras de Osorno;0;resultados
23-09-2025 14:38:23;Civil;Juzgado de Letras de Rio Negro;0;resultados
23-09-2025 14:38:34;Civil;1º Juzgado Civil de Puerto Montt;0;resultados
23-09-2025 14:38:41;Civil;2º Juzgado Civil de Puerto Montt;0;resultados
23-09-2025 14:38:50;Civil;Juzgado de Letras de Puerto Varas;0;resultados
23-09-2025 14:38:58;Civil;Juzgado de Letras y Gar.de Calbuco;0;resultados
23-09-2025 14:39:05;Civil;Juzgado de Letras y Gar. de Maullin;0;resultados
23-09-2025 14:39:15;Civil;Juzgado de Letras de Castro;0;resultados
23-09-2025 14:39:26;Civil;Juzgado de Letras de Ancud;0;resultados
23-09-2025 14:39:35;Civil;Juzgado de Letras y Garantía de Achao;0;resultados
23-09-2025 14:39:45;Civil;Juzgado de Letras y Gar. de Chaitén;0;resultados
23-09-2025 14:39:54;Civil;Juzgado de Letras y Gar. de Los Muermos;0;resultados
23-09-2025 14:40:03;Civil;Juzgado de Letras y Gar. de Quellón;0;resultados
23-09-2025 14:40:11;Civil;Juzgado de Letras y Gar. de Hualaihue;0;resultados
23-09-2025 14:40:20;Civil;1º Juzgado de Letras de Coyhaique;0;resultados
23-09-2025 14:40:29;Civil;1º Juzgado de Letras de Coyhaique Ex 2º;0;resultados
23-09-2025 14:40:38;Civil;Juzgado de Letras y Gar.de pto.Aysen;0;resultados
23-09-2025 14:40:50;Civil;Juzgado de Letras y Gar.de Chile Chico;0;resultados
23-09-2025 14:40:58;Civil;Juzgado de Letras y Gar.de Cochrane;0;resultados
23-09-2025 14:41:06;Civil;Juzgado de Letras y Gar.de Puerto Cisnes;0;resultados
23-09-2025 14:41:17;Civil;1º Juzgado de Letras de Punta Arenas;0;resultados
23-09-2025 14:41:28;Civil;2º Juzgado de Letras de Punta Arenas;0;resultados
23-09-2025 14:41:40;Civil;3º Juzgado de Letras de Punta Arenas;0;resultados
23-09-2025 14:41:52;Civil;Juzgado de Letras y Gar. de Puerto Natales;0;resultados
23-09-2025 14:42:00;Civil;Juzgado de Letras y Gar.de Porvenir;0;resultados
23-09-2025 14:42:08;Civil;Juzgado de Letras y Garantía de Cabo de Hornos;0;resultados
23-09-2025 14:42:16;Civil;1º Juzgado Civil de Santiago;0;resultados
23-09-2025 14:42:25;Civil;2º Juzgado Civil de Santiago;0;resultados
23-09-2025 14:42:34;Civil;3º Juzgado Civil de Santiago;0;resultados
23-09-2025 14:42:41;Civil;4º Juzgado Civil de Santiago;0;resultados
23-09-2025 14:42:50;Civil;5º Juzgado Civil de Santiago;0;resultados
23-09-2025 14:42:58;Civil;6º Juzgado Civil de Santiago;0;resultados
23-09-2025 14:43:05;Civil;7º Juzgado Civil de Santiago;0;resultados
23-09-2025 14:43:12;Civil;8º Juzgado Civil de Santiago;0;resultados
23-09-2025 14:43:24;Civil;9º Juzgado Civil de Santiago;0;resultados
23-09-2025 14:43:31;Civil;10º Juzgado Civil de Santiago;0;resultados
23-09-2025 14:43:42;Civil;11º Juzgado Civil de Santiago;0;resultados
23-09-2025 14:43:52;Civil;12º Juzgado Civil de Santiago;0;resultados
23-09-2025 14:44:00;Civil;13º Juzgado Civil de Santiago;0;resultados
23-09-2025 14:44:11;Civil;14º Juzgado Civil de Santiago;0;resultados
23-09-2025 14:44:21;Civil;15º Juzgado Civil de Santiago;0;resultados
23-09-2025 14:44:31;Civil;16º Juzgado Civil de Santiago;0;resultados
23-09-2025 14:44:41;Civil;17º Juzgado Civil de Santiago;0;resultados
23-09-2025 14:44:50;Civil;18º Juzgado Civil de Santiago;0;resultados
23-09-2025 14:44:57;Civil;19º Juzgado Civil de Santiago;0;resultados
23-09-2025 14:45:08;Civil;20º Juzgado Civil de Santiago;0;resultados
23-09-2025 14:45:16;Civil;21º Juzgado Civil de Santiago;0;resultados
23-09-2025 14:45:25;Civil;22º Juzgado Civil de Santiago;0;resultados
23-09-2025 14:45:34;Civil;23º Juzgado Civil de Santiago;0;resultados
23-09-2025 14:45:45;Civil;24º Juzgado Civil de Santiago;0;resultados
23-09-2025 14:45:55;Civil;25º Juzgado Civil de Santiago;0;resultados
23-09-2025 14:46:02;Civil;26º Juzgado Civil de Santiago;0;resultados
23-09-2025 14:46:13;Civil;27º Juzgado Civil de Santiago;0;resultados
23-09-2025 14:46:24;Civil;28º Juzgado Civil de Santiago;0;resultados
23-09-2025 14:46:34;Civil;29º Juzgado Civil de Santiago;0;resultados
23-09-2025 14:46:47;Civil;30º Juzgado Civil de Santiago;1;resultados
23-09-2025 14:47:19;Civil;Juzgado de Letras de Colina;0;resultados
23-09-2025 14:47:27;Civil;1º Juzgado Civil de San Miguel;0;resultados
23-09-2025 14:47:34;Civil;2º Juzgado Civil de San Miguel;0;resultados
23-09-2025 14:47:41;Civil;3º Juzgado Civil de San Miguel;0;resultados
23-09-2025 14:47:51;Civil;4º Juzgado Civil de San Miguel;0;resultados
23-09-2025 14:48:01;Civil;1º Juzgado Civil de Puente Alto;0;resultados
23-09-2025 14:48:11;Civil;1º Juzgado De Letras De Talagante;0;resultados
23-09-2025 14:48:22;Civil;2º Juzgado De Letras De Talagante;0;resultados
23-09-2025 14:48:30;Civil;1º Juzgado de Letras de Melipilla;0;resultados
23-09-2025 14:48:42;Civil;1º Juzgado de Letras de Buin;0;resultados
23-09-2025 14:48:52;Civil;2º Juzgado de Letras de Buin;0;resultados
23-09-2025 14:49:04;Civil;Juzgado de Letras de Peñaflor;0;resultados
23-09-2025 14:49:12;Civil;1º Juzgado de Letras de San Bernardo;0;resultados
23-09-2025 14:49:20;Civil;1º Juzgado de Letras de San Bernardo Ex 3°;0;resultados
23-09-2025 14:49:30;Civil;2º Juzgado de Letras de San Bernardo;0;resultados
23-09-2025 14:49:39;Civil;2º Juzgado de Letras de San Bernardo Ex 3°;0;resultados
23-09-2025 14:49:48;Laboral;Juzgado de Letras y Garantía de Pozo Almonte;0;resultados
23-09-2025 14:49:59;Laboral;Juzgado de Letras de Tocopilla;0;resultados
23-09-2025 14:50:09;Laboral;Juzgado de Letras y Garantía de María Elena;0;resultados
23-09-2025 14:50:18;Laboral;Juzgado de Letras y Garantía de Taltal;0;resultados
23-09-2025 14:50:30;Laboral;Juzgado de Letras y Garantia de Chañaral;0;resultados
23-09-2025 14:50:38;Laboral;Juzgado de Letras de Diego de Almagro;0;resultados
23-09-2025 14:50:46;Laboral;Juzgado de Letras y Garantía de Freirina;0;resultados
23-09-2025 14:50:53;Laboral;1° Juzgado de Letras de Vallenar;0;resultados
23-09-2025 14:51:00;Laboral;2° Juzgado de Letras de Vallenar;0;resultados
23-09-2025 14:51:11;Laboral;Juzgado de Letras de Vicuña;0;resultados
23-09-2025 14:51:18;Laboral;Juzgado de Letras y Garantía de Andacollo;0;resultados
23-09-2025 14:51:28;Laboral;1º Juzgado de Letras de Ovalle;0;resultados
23-09-2025 14:51:37;Laboral;2º Juzgado de Letras de Ovalle;0;resultados
23-09-2025 14:51:46;Laboral;3° Juzgado de Letras de Ovalle;0;resultados
23-09-2025 14:51:55;Laboral;Juzgado de Letras y Garantía de Combarbalá;0;resultados
23-09-2025 14:52:06;Laboral;Juzgado de Letras de Illapel;0;resultados
23-09-2025 14:52:14;Laboral;Juzgado de Letras y Garantía de los Vilos;0;resultados
23-09-2025 14:52:23;Laboral;1º Juzgado de Letras de Quilpue;0;resultados
23-09-2025 14:52:32;Laboral;2º Juzgado de Letras de Quilpue;0;resultados
23-09-2025 14:52:39;Laboral;Juzgado de Letras de Villa Alemana;0;resultados
23-09-2025 14:52:46;Laboral;Juzgado de Letras de Casablanca;0;resultados
23-09-2025 14:52:58;Laboral;Juzgado de Letras de La Ligua;0;resultados
23-09-2025 14:53:10;Laboral;Juzgado de Letras y Garantía de Petorca;0;resultados
23-09-2025 14:53:21;Laboral;1º Juzgado de Letras de Los Andes;0;resultados
23-09-2025 14:53:32;Laboral;2º Juzgado de Letras de Los Andes;0;resultados
23-09-2025 14:53:43;Laboral;Juzgado de Letras y Garantía de Putaendo;0;resultados
23-09-2025 14:53:50;Laboral;1º Juzgado de Letras de Quillota;0;resultados
23-09-2025 14:53:58;Laboral;2º Juzgado de Letras de Quillota;0;resultados
23-09-2025 14:54:07;Laboral;Juzgado de Letras de La Calera;0;resultados
23-09-2025 14:54:18;Laboral;Juzgado de Letras de Limache;0;resultados
23-09-2025 14:54:29;Laboral;1° Juzgado de Letras de San Antonio;0;resultados
23-09-2025 14:54:37;Laboral;2° Juzgado de Letras de San Antonio;0;resultados
23-09-2025 14:54:47;Laboral;Juzgado de Letras y Garantía de Isla de Pascua;0;resultados
23-09-2025 14:54:54;Laboral;1º Juzgado de Letras de Rengo;0;resultados
23-09-2025 14:55:03;Laboral;Juzgado de Letras de San Vicente;0;resultados
23-09-2025 14:55:10;Laboral;1º Juzgado de Letras y Garantia de Peumo;0;resultados
23-09-2025 14:55:20;Laboral;1º Juzgado de Letras de San Fernando;0;resultados
23-09-2025 14:55:31;Laboral;2º Juzgado de Letras de San Fernando;0;resultados
23-09-2025 14:55:42;Laboral;1º Juzgado de Letras de Santa Cruz;0;resultados
23-09-2025 14:55:52;Laboral;Juzgado de Letras y Garantia de Pichilemu;0;resultados
23-09-2025 14:56:03;Laboral;Juzgado de Letras de Constitución;0;resultados
23-09-2025 14:56:12;Laboral;Juzgado de Letras y Garantía de Curepto;0;resultados
23-09-2025 14:56:23;Laboral;Juzgado de Letras y Garantía de Licantén;0;resultados
23-09-2025 14:56:34;Laboral;Juzgado de Letras de Molina;0;resultados
23-09-2025 14:56:41;Laboral;1° Juzgado de Letras de Linares;0;resultados
23-09-2025 14:56:49;Laboral;2° Juzgado de Letras de Linares;0;resultados
23-09-2025 14:57:01;Laboral;Juzgado de Letras de San Javier;0;resultados
23-09-2025 14:57:09;Laboral;Juzgado de Letras de Cauquenes;0;resultados
23-09-2025 14:57:19;Laboral;Juzgado de Letras y Garantía de Chanco;0;resultados
23-09-2025 14:57:30;Laboral;Juzgado de Letras de Parral;0;resultados
23-09-2025 14:57:40;Laboral;1° Juzgado de Letras de San Carlos;0;resultados
23-09-2025 14:57:48;Laboral;Juzgado de Letras de Yungay;0;resultados
23-09-2025 14:57:55;Laboral;Juzgado de Letras y Garantía de Bulnes;0;resultados
23-09-2025 14:58:06;Laboral;Juzgado de Letras y Garantía de Coelemu;0;resultados
23-09-2025 14:58:14;Laboral;Juzgado de Letras y Garantía de Quirihue;0;resultados
23-09-2025 14:58:21;Laboral;Juzgado de Letras y Garantía de Mulchén;0;resultados
23-09-2025 14:58:29;Laboral;Juzgado de Letras y Garantía de Nacimiento;0;resultados
23-09-2025 14:58:37;Laboral;Juzgado de Letras y Garantía de Laja;0;resultados
23-09-2025 14:58:49;Laboral;Juzgado de Letras y Garantía de Yumbel;0;resultados
23-09-2025 14:59:01;Laboral;Juzgado de Letras de Tomé;0;resultados
23-09-2025 14:59:11;Laboral;Juzgado de Letras y Garantía de Florida;0;resultados
23-09-2025 14:59:21;Laboral;Juzgado de Letras y Garantía de Santa Juana;0;resultados
23-09-2025 14:59:29;Laboral;Juzgado de Letras y Garantía de Lota;0;resultados
23-09-2025 14:59:36;Laboral;1er Juzgado de Letras de Coronel;0;resultados
23-09-2025 14:59:46;Laboral;2do Juzgado de Letras de Coronel;0;resultados
23-09-2025 14:59:54;Laboral;Juzgado de Letras y Garantía de Lebu;0;resultados
23-09-2025 15:00:05;Laboral;Juzgado de Letras de Arauco;0;resultados
23-09-2025 15:00:12;Laboral;Juzgado de Letras y Garantía de Curanilahue;0;resultados
23-09-2025 15:00:19;Laboral;Juzgado de Letras de Cañete;0;resultados
23-09-2025 15:00:30;Laboral;1º Juzgado de Letras de Angol;0;resultados
23-09-2025 15:00:40;Laboral;Juzgado de Letras y Garantía de Collipulli;0;resultados
23-09-2025 15:00:51;Laboral;Juzgado de Letras y Garantía de Traiguen;0;resultados
23-09-2025 15:01:00;Laboral;Juzgado de Letras de Victoria;0;resultados
23-09-2025 15:01:10;Laboral;Juzgado de Letras y Garantía de Curacautín;0;resultados
23-09-2025 15:01:19;Laboral;Juzgado de Letras de Loncoche;0;resultados
23-09-2025 15:01:30;Laboral;Juzgado de Letras de Pitrufquén;0;resultados
23-09-2025 15:01:42;Laboral;Juzgado de Letras de Villarrica;0;resultados
23-09-2025 15:01:49;Laboral;Juzgado de Letras de Nueva Imperial;0;resultados
23-09-2025 15:02:00;Laboral;Juzgado de Letras y Garantía de Pucón;0;resultados
23-09-2025 15:02:10;Laboral;Juzgado de Letras de Lautaro;0;resultados
23-09-2025 15:02:21;Laboral;Juzgado de Letras y Garantía de Carahue;0;resultados
23-09-2025 15:02:31;Laboral;Juzgado de Letras de Mariquina;0;resultados
23-09-2025 15:02:40;Laboral;Juzgado de Letras y Garantía de Paillaco;0;resultados
23-09-2025 15:02:50;Laboral;Juzgado de Letras de Los Lagos;0;resultados
23-09-2025 15:02:58;Laboral;Juzgado de Letras y Garantía de Panguipulli;0;resultados
23-09-2025 15:03:08;Laboral;Juzgado de Letras y Garantía de La Unión;0;resultados
23-09-2025 15:03:15;Laboral;Juzgado de Letras y Garantía de Río Bueno;0;resultados
23-09-2025 15:03:23;Laboral;1º Juzgado de Letras de Puerto Varas;0;resultados
23-09-2025 15:03:30;Laboral;Juzgado de Letras y Garantía de Calbuco;0;resultados
23-09-2025 15:03:40;Laboral;Juzgado de Letras y Garantía de Maullín;0;resultados
23-09-2025 15:03:47;Laboral;Juzgado de Letras de Ancud;0;resultados
23-09-2025 15:04:01;Laboral;Juzgado de Letras y Garantía de Achao;0;resultados
23-09-2025 15:04:08;Laboral;Juzgado de Letras y Garantía de Chaitén;0;resultados
23-09-2025 15:04:16;Laboral;Juzgado de Letras y Garantía de Aysén;0;resultados
23-09-2025 15:04:27;Laboral;Juzgado de Letras y Garantía de Chile Chico;0;resultados
23-09-2025 15:04:36;Laboral;Juzgado de Letras y Garantía de Cochrane;0;resultados
23-09-2025 15:04:45;Laboral;Juzgado de Letras y Garantía de Puerto Natales;0;resultados
23-09-2025 15:04:52;Laboral;Juzgado de Letras y Garantía de Porvenir;0;resultados
23-09-2025 15:05:01;Laboral;1° Juzgado de Letras de Talagante;0;resultados
23-09-2025 15:05:11;Laboral;2do Juzgado de Letras de Talagante;0;resultados
23-09-2025 15:05:18;Laboral;1er Juzgado de Letras de Melipilla;0;resultados
23-09-2025 15:05:28;Laboral;1er Juzgado de Letras de Buin;0;resultados
23-09-2025 15:05:36;Laboral;2do Juzgado de Letras de Buin;0;resultados
23-09-2025 15:05:48;Laboral;Juzgado de Letras y Garantía de Santa Bárbara;0;resultados
23-09-2025 15:05:57;Laboral;Juzgado de Letras y Garantía de Caldera;0;resultados
23-09-2025 15:06:08;Laboral;Juzgado de Letras de Colina;0;resultados
23-09-2025 15:06:19;Laboral;Juzgado de Letras de Peñaflor;0;resultados
23-09-2025 15:06:27;Laboral;Juzgado de Letras y Garantía de Los Muermos;0;resultados
23-09-2025 15:06:36;Laboral;Juzgado de Letras y Garantía de Quintero;0;resultados
23-09-2025 15:06:44;Laboral;Juzgado de Letras y Garantía de Toltén;0;resultados
23-09-2025 15:06:55;Laboral;Juzgado de Letras y Garantía de Purén;0;resultados
23-09-2025 15:07:02;Laboral;Juzgado de Letras y Garantía de Puerto Cisnes;0;resultados
23-09-2025 15:07:14;Laboral;Juzgado de Letras y Garantía de Hualaihue;0;resultados
23-09-2025 15:07:26;Laboral;Juzgado de Letras y Garantia de Litueche;0;resultados
23-09-2025 15:07:36;Laboral;Juzgado de Letras y Garantia de Peralillo;0;resultados
23-09-2025 15:07:46;Laboral;Juzgado de Letras y Garantía de Cabrero;0;resultados
23-09-2025 15:07:53;Laboral;Juzgado de Letras del Trabajo de Arica;0;resultados
23-09-2025 15:08:02;Laboral;Juzgado de Letras del Trabajo de Iquique;0;resultados
23-09-2025 15:08:13;Laboral;Juzgado de Letras del Trabajo de Antofagasta;0;resultados
23-09-2025 15:08:20;Laboral;Juzgado de Letras del Trabajo de Copiapó;0;resultados
23-09-2025 15:08:30;Laboral;Juzgado de Letras del Trabajo de La Serena;0;resultados
23-09-2025 15:08:42;Laboral;Juzgado de Letras del Trabajo de Valparaíso;0;resultados
23-09-2025 15:08:50;Laboral;Juzgado de Letras del Trabajo de Rancagua;0;resultados
23-09-2025 15:09:00;Laboral;Juzgado de Letras del Trabajo de Curicó;0;resultados
23-09-2025 15:09:11;Laboral;Juzgado de Letras del Trabajo de Talca;0;resultados
23-09-2025 15:09:19;Laboral;Juzgado de Letras del Trabajo de Chillán;0;resultados
23-09-2025 15:09:28;Laboral;Juzgado de Letras del Trabajo de Concepción;0;resultados
23-09-2025 15:09:36;Laboral;Juzgado de Letras del Trabajo de Temuco;0;resultados
23-09-2025 15:09:44;Laboral;Juzgado de Letras del Trabajo de Valdivia;0;resultados
23-09-2025 15:09:54;Laboral;Juzgado de Letras del Trabajo de Puerto Montt;0;resultados
23-09-2025 15:10:04;Laboral;Juzgado de Letras del Trabajo de Punta Arenas;0;resultados
23-09-2025 15:10:14;Laboral;1º Juzgado de Letras del Trabajo de Santiago;0;resultados
23-09-2025 15:10:23;Laboral;2º Juzgado de Letras del Trabajo de Santiago;0;resultados
23-09-2025 15:10:32;Laboral;Juzgado de Letras del Trabajo de San Miguel;0;resultados
23-09-2025 15:10:42;Laboral;Juzgado de Letras del Trabajo de San Bernardo;0;resultados
23-09-2025 15:10:52;Laboral;Juzgado de Letras del Trabajo de Calama;0;resultados
23-09-2025 15:10:59;Laboral;Juzgado de Letras del Trabajo de San Felipe;0;resultados
23-09-2025 15:11:09;Laboral;Juzgado de Letras del Trabajo de Los Angeles;0;resultados
23-09-2025 15:11:20;Laboral;Juzgado de Letras del Trabajo de Osorno;0;resultados
23-09-2025 15:11:29;Laboral;Juzgado de Letras del Trabajo de Castro;0;resultados
23-09-2025 15:11:37;Laboral;Juzgado de Letras del Trabajo de Coyhaique;0;resultados
23-09-2025 15:11:47;Laboral;Juzgado de Letras del Trabajo de Puente Alto;0;resultados
23-09-2025 15:11:55;Laboral;Juzgado de Letras y Garantía de Alto Hospicio;0;resultados
23-09-2025 15:12:04;Laboral;Juzgado de Letras de Mejillones;0;resultados
23-09-2025 15:12:15;Laboral;Juzgado de Letras de Cabo de Hornos;0;resultados
23-09-2025 15:12:23;Laboral;Portal;0;resultados
23-09-2025 15:12:33;Laboral;Juzgado de Prueba 4º;0;resultados
23-09-2025 15:12:42;Laboral;Juzgado de Prueba 5°;0;resultados
23-09-2025 15:12:52;Penal;Juzgado De Letras Y Garantía De Pozo Almonte.;0;resultados
23-09-2025 15:12:59;Penal;Juzgado De Letras Y Garantía De María Elena.;0;resultados
23-09-2025 15:13:11;Penal;Juzgado De Letras Y Garantía De Taltal.;0;resultados
23-09-2025 15:13:18;Penal;Juzgado De Letras Y Garantía De Chañaral.;0;resultados
23-09-2025 15:13:29;Penal;Juzgado De Letras Y Garantía De Freirina.;0;resultados
23-09-2025 15:13:37;Penal;Juzgado De Letras Y Garantía De Andacollo.;0;resultados
23-09-2025 15:13:46;Penal;Juzgado De Letras Y Garantía De Combarbala.;0;resultados
23-09-2025 15:13:54;Penal;Juzgado De Letras Y Garantía De Los Vilos.;0;resultados
23-09-2025 15:14:05;Penal;Juzgado De Letras Y Garantía De Petorca.;0;resultados
23-09-2025 15:14:13;Penal;Juzgado De Letras Y Garantía De Putaendo.;0;resultados
23-09-2025 15:14:21;Penal;Juzgado De Letras Y Garantía De Isla De Pascua.;0;resultados
23-09-2025 15:14:30;Penal;1º Juzgado De Letras Y Garantía De Peumo.;0;resultados
23-09-2025 15:14:41;Penal;Juzgado De Letras Y Garantía De Pichilemu.;0;resultados
23-09-2025 15:14:50;Penal;Juzgado De Letras Y Garantía De Curepto.;0;resultados
23-09-2025 15:14:59;Penal;Juzgado De Letras Y Garantía De Licanten.;0;resultados
23-09-2025 15:15:10;Penal;Juzgado De Letras Y Garantía De Chanco.;0;resultados
23-09-2025 15:15:21;Penal;Juzgado De Letras Y Garantía De Bulnes.;0;resultados
23-09-2025 15:15:27;Penal;Juzgado De Letras Y Garantía De Coelemu.;0;resultados
